name	admix.pop	latitude	longitude	ploidy_man_curated
MN_47	MN_47	41.665463	-87.026752	2
SRR5124994	SRR5124994	36.4166667	-79.9666667	2
SRR5124992	SRR5124994	36.4166667	-79.9666667	2
SRR5124991	SRR5124994	36.4166667	-79.9666667	2
SRR2040788	SRR2040788	42.26	-81.84	2
SRR2040789	SRR2040789	43.25	-81.85	2
ERR3514860_4n	ERR3514860	46.78442	17.28775	4
ERR3514858_4n	ERR3514860	46.78442	17.28775	4
ERR3514859_4n	ERR3514860	46.78442	17.28775	4
ERR3514883	ERR3514883	47.90154	15.96864	2
ERR3514884	ERR3514883	47.90154	15.96864	2
SRR2040797	SRR2040797	47.91	15.97	2
SRR3111440	SRR2040797	47.91	15.97	2
ERR3514885	ERR3514885	47.92251	15.98176	2
ERR3514886	ERR3514885	47.92251	15.98176	2
SRR3111441	SRR3111441	47.97	16.16	2
ERR3514898	ERR3514898	47.97978	16.16374	2
ERR3514899	ERR3514898	47.97978	16.16374	2
ERR3514897	ERR3514898	47.97978	16.16374	2
SRR2040827_4n	SRR2040827	47.98	15.56	4
SRR2040826_4n	SRR2040826	48.07	16.26	4
ERR3514878_4n	ERR3514878	48.07955	16.26718	4
ERR3514880_4n	ERR3514878	48.07955	16.26718	4
ERR3514879_4n	ERR3514878	48.07955	16.26718	4
ERR3514869_4n	ERR3514869	48.09283	16.27073	4
ERR3514871_4n	ERR3514869	48.09283	16.27073	4
ERR3514870_4n	ERR3514869	48.09283	16.27073	4
SRR2040828_4n	SRR2040828	48.23	15.34	4
ERR3514887_4n	ERR3514887	48.23901	15.34931	4
ERR3514889_4n	ERR3514887	48.23901	15.34931	4
ERR3514888_4n	ERR3514887	48.23901	15.34931	4
ERR3514893_4n	ERR3514893	48.27428	15.39301	4
ERR3514892_4n	ERR3514893	48.27428	15.39301	4
ERR3514865_4n	ERR3514865	48.29432	15.42614	4
ERR3514866_4n	ERR3514865	48.29432	15.42614	4
ERR3514864_4n	ERR3514865	48.29432	15.42614	4
ERR3514895_4n	ERR3514895	48.34031	15.40085	4
ERR3514896_4n	ERR3514895	48.34031	15.40085	4
ERR3514876_4n	ERR3514876	48.3818	15.56031	4
ERR3514877_4n	ERR3514876	48.3818	15.56031	4
ERR3514875_4n	ERR3514876	48.3818	15.56031	4
SRR2040830_4n	SRR2040830	48.39	15.48	4
ERR3514873_4n	ERR3514873	48.39649	15.55268	4
ERR3514874_4n	ERR3514873	48.39649	15.55268	4
ERR3514872_4n	ERR3514873	48.39649	15.55268	4
SRR3111448_4n	SRR3111448	49.08	16.33	4
SRR2040791	SRR2040791	49.11	16.3	2
SRR3111442	SRR2040791	49.11	16.3	2
SRR2040790	SRR2040790	49.62	11.51	2
ERR4235091	ERR4235091	49.65	11.45	2
SRR5124975	SRR5124975	49.65	11.48333333	2
ERR4235088	ERR4235091	49.65	11.45	2
ERR4235093	ERR4235091	49.65	11.45	2
SRR5124986	SRR5124975	49.65	11.48333333	2
ERR4235094	ERR4235091	49.65	11.45	2
ERR4235090	ERR4235091	49.65	11.45	2
SRR5124989	SRR5124975	49.65	11.48333333	2
ERR4235095	ERR4235091	49.65	11.45	2
ERR4235097	ERR4235091	49.65	11.45	2
SRR5124990	SRR5124975	49.65	11.48333333	2
ERR4235096	ERR4235091	49.65	11.45	2
ERR4235092	ERR4235091	49.65	11.45	2
ERR4235089	ERR4235091	49.65	11.45	2
SRR5124984	SRR5124975	49.65	11.48333333	2
SRR5125003	SRR5124975	49.65	11.48333333	2
SRR2040798	SRR2040798	49.73	12.99	2
SRR3111439	SRR3111439	49.75	11.42	2
SRR3111443	SRR3111443	50.06	14.07	2
2:IRK-ID51711	2:IRK-ID51711	51.90944	102.41111	unsure
IRKU048360	IRKU048360	51.91752	102.721848	unsure
IRK-ID2040	IRK-ID2040	51.92833	102.42666	2
2:IRK-ID51712	2:IRK-ID51712	51.93250	102.42278	unsure
IRKU049797_4n	IRKU049797_4n	51.94	102.7	4
IRKU049798	IRKU049798	51.94	102.7	2
IRK-ID61141	IRK-ID61141	51.94167	102.42056	2
IRKU084814	IRKU084814	51.970047	102.448011	2
2:IRK-ID51710	2:IRK-ID51710	52	102	selfer
MW0079480_3	MW0079480	53.880491	127.413271	2
MW0079480	MW0079480	53.880491	127.413271	2
MW0079479	MW0079479	53.910706	127.414687	2
MW0079483	MW0079483	53.983663	127.465556	2
MW0079482_2	MW0079482	54.006938	127.412327	2
MW0079482	MW0079482	54.006938	127.412327	2
MW0079478_3	MW0079478	54.012285	127.423313	2
MW0079478	MW0079478	54.012285	127.423313	2
MW0079485_2	MW0079485	54.101409	127.268292	2
MW0079485	MW0079485	54.101409	127.268292	2
MW0079484_2	MW0079484_2	54.195031	127.12561	2
MW0079481_2	MW0079481	54.328725	126.814736	2
MW0079481	MW0079481	54.328725	126.814736	2
IRK-STAN	IRK-STAN	55.5	112.7	2
SRR2040794	SRR2040794	56.4	-4.81	2
SRR2040770	SRR2040770	56.54	-79.22	2
MW0079543_2	MW0079543_2	56.761912	124.749712	2
BAM_12.1-1	BAM_12.1-1	56.80700	124.88904	2
MW0079491_2	MW0079491	56.816615	124.878522	2
MW0079491	MW0079491	56.816615	124.878522	2
SRR2040793	SRR2040793	57	-3.11	2
IRKU049793_4n	IRKU049793_4n	57.5	116.55	4
SRR5124988	SRR5124988	57.5033	-6.1975	2
SRR5124976	SRR5124988	57.5033	-6.1975	2
IRK-ID27652	IRK-ID27652	58.7	103.0	2
MW0079583_3	MW0079509	59.5167321	59.1124535	2
MW0079583_1	MW0079509	59.5167321	59.1124535	2
MW0079583_2	MW0079509	59.5167321	59.1124535	2
MW0079510_1	MW0079509	59.5167321	59.1124535	2
MW0079509	MW0079509	59.5167321	59.1124535	2
ERR3397911	ERR3397911	61.41	8.25	2
ERR3397909	ERR3397911	61.41	8.25	2
ERR3397908	ERR3397911	61.41	8.25	2
ERR3397914	ERR3397911	61.41	8.25	2
ERR3397904	ERR3397911	61.41	8.25	2
ERR3397913	ERR3397911	61.41	8.25	2
ERR3397905	ERR3397911	61.41	8.25	2
ERR3397912	ERR3397911	61.41	8.25	2
ERR3397907	ERR3397911	61.41	8.25	2
ERR3397910	ERR3397911	61.41	8.25	2
ERR3397906	ERR3397911	61.41	8.25	2
SRR7119545	SRR7119545	61.62	8.4	2
SRR7119548	SRR7119545	61.62	8.4	2
SRR7119547	SRR7119545	61.62	8.4	2
SRR7119532	SRR7119545	61.62	8.4	2
SRR7119543	SRR7119545	61.62	8.4	2
SRR7119546	SRR7119545	61.62	8.4	2
SRR7119544	SRR7119545	61.62	8.4	2
SRR5124977	SRR5124977	61.6333333	8.4	2
SRR5124997	SRR5124977	61.6333333	8.4	2
SRR5124998	SRR5124977	61.6333333	8.4	2
SRR5124983	SRR5124977	61.6333333	8.4	2
SRR5124999	SRR5124977	61.6333333	8.4	2
SRR5124985	SRR5124977	61.6333333	8.4	2
SRR7119539	SRR7119539	61.84	8.57	2
SRR7119535	SRR7119539	61.84	8.57	2
SRR7119537	SRR7119539	61.84	8.57	2
SRR7119533	SRR7119539	61.84	8.57	2
SRR7119536	SRR7119539	61.84	8.57	2
SRR7119540	SRR7119539	61.84	8.57	2
SRR7119534	SRR7119539	61.84	8.57	2
SRR7119541	SRR7119539	61.84	8.57	2
SRR7119527	SRR7119527	62.44	8.9	2
SRR7119531	SRR7119527	62.44	8.9	2
SRR7119530	SRR7119527	62.44	8.9	2
SRR7119529	SRR7119527	62.44	8.9	2
SRR7119528	SRR7119527	62.44	8.9	2
SRR7119526	SRR7119526	62.66	8.62	2
SRR7119524	SRR7119526	62.66	8.62	2
SRR7119542	SRR7119526	62.66	8.62	2
SRR7119525	SRR7119526	62.66	8.62	2
SRR7119523	SRR7119526	62.66	8.62	2
SRR9319648	SRR9319648	62.74	9.3	2
SRR9319641	SRR9319648	62.74	9.3	2
SRR9319646	SRR9319648	62.74	9.3	2
SRR9319645	SRR9319648	62.74	9.3	2
SRR9319644	SRR9319648	62.74	9.3	2
SRR9319647	SRR9319648	62.74	9.3	2
SRR9319649	SRR9319648	62.74	9.3	2
SRR9319643	SRR9319648	62.74	9.3	2
SRR9319642	SRR9319648	62.74	9.3	2
SRR2040795	SRR2040795	62.9166667	34.41666667	2
SRR5124980	SRR2040795	62.9166667	34.41666667	2
SRR5124974	SRR2040795	62.9166667	34.41666667	2
SRR5125001	SRR2040795	62.9166667	34.41666667	2
SRR5124993	SRR2040795	62.9166667	34.41666667	2
SRR2040769	SRR2040769	63.1	-69.72	2
MW0079473_1	MW0079473_1	63.13195	144.676274	2
SRR5124978	SRR5124978	63.2166667	18.95	2
SRR5124987	SRR5124978	63.2166667	18.95	2
SRR5125002	SRR5124978	63.2166667	18.95	2
SRR5124996	SRR5124978	63.2166667	18.95	2
SRR5124982	SRR5124978	63.2166667	18.95	2
SRR5124995	SRR5124978	63.2166667	18.95	2
MW0079496	MW0079496	63.264569	143.230643	2
MW0079493_1	MW0079493_1	63.3508974	125.719986	2
MW0079895	MW0079895	66.447954	72.941734	2
WS_1.3-1_4n	WS	66.53735	34.50509	4
WS_1.1-2_4n	WS	66.53735	34.50509	4
WS_1.2-1_4n	WS	66.53735	34.50509	4
WS_1.1-1_4n	WS	66.53735	34.50509	4
WS_1.6-1_4n	WS	66.53735	34.50509	4
WS_1.7-1_4n	WS	66.53735	34.50509	4
WS_1.5-1_4n	WS	66.53735	34.50509	4
WS_1.4-2_4n	WS	66.53735	34.50509	4
WS_1.6-2_4n	WS	66.53735	34.50509	4
WS_1.5-2_4n	WS	66.53735	34.50509	4
WS_1.4-1_4n	WS	66.53735	34.50509	4
WS_1.2-2_4n	WS	66.53735	34.50509	4
WS_1.3-2_4n	WS	66.53735	34.50509	4
WS_1.7-2_4n	WS	66.53735	34.50509	4
MW0374083_4_4n	MW0374083_4n	66.53767	34.502	4
MW0374083_6_4n	MW0374083_4n	66.53767	34.502	4
MW0374085_11_4n	MW0374085_1_4n	66.53767	34.502	4
MW0374083_4n	MW0374083_4n	66.53767	34.502	4
MW0374085_1_4n	MW0374085_1_4n	66.53767	34.502	4
MW0374087_5_4n	MW0374087_4n	66.5378771	34.4919205	4
MW0374087_4n	MW0374087_4n	66.5378771	34.4919205	4
MW0079585	MW0079585	66.628932	72.924427	2
NT8.4-5	NT8	66.70192	123.30781	2
NT8.3-4	NT8	66.70192	123.30781	2
NT8_5_1	NT8	66.70192	123.30781	2
NT8_4_1	NT8	66.70192	123.30781	2
NT8_1_1	NT8	66.70192	123.30781	2
NT8_2_1	NT8	66.70192	123.30781	2
NT8_3_1	NT8	66.70192	123.30781	2
SRR2040805_4n	SRR2040805_4n	66.9	58.55	4
PU_1mix-2_4n	PU1	66.90776	65.69919	4
PU_1mix-1_4n	PU1	66.90776	65.69919	4
PU_2mix-2_4n	PU2	66.90819	65.6873	4
PU_2mix-1_4n	PU2	66.90819	65.6873	4
PU_4mix-1_4n	PU4	66.93139	65.59633	4
PU_4mix-2_4n	PU4	66.93139	65.59633	4
PU_3mix-2_4n	PU3	66.93358	65.6449	4
PU_3mix-1_4n	PU3	66.93358	65.6449	4
PU_5mix-1_4n	PU5	66.94763	65.52093	4
PU_5mix-2_4n	PU5	66.94763	65.52093	4
MW0079589_9_4n	MW0079589	66.9574895	65.3775787	4
MW0079589_4n	MW0079589	66.9574895	65.3775787	4
MW0079589_11_4n	MW0079589	66.9574895	65.3775787	4
MW0079589_8_4n	MW0079589	66.9574895	65.3775787	4
PU_7.1-1_4n	PU7	67.00682	65.08945	4
PU_7.2-2_4n	PU7	67.00682	65.08945	4
PU_7mix-1_4n	PU7	67.00682	65.08945	4
PU_7.2-1_4n	PU7	67.00682	65.08945	4
PU_7mix-2_4n	PU7	67.00682	65.08945	4
PU_7.1-2_4n	PU7	67.00682	65.08945	4
PU_6.1-2_4n	PU6	67.02145	65.13496	4
PU_6.5-1_4n	PU6	67.02145	65.13496	4
PU_6.7-2_4n	PU6	67.02145	65.13496	4
PU_6.2-1_4n	PU6	67.02145	65.13496	4
PU_6mix-1_4n	PU6	67.02145	65.13496	4
PU_6.8-2_4n	PU6	67.02145	65.13496	4
PU_6mix-2_4n	PU6	67.02145	65.13496	4
PU_6.5-2_4n	PU6	67.02145	65.13496	4
PU_6.2-2_4n	PU6	67.02145	65.13496	4
PU_6.4-2_4n	PU6	67.02145	65.13496	4
PU_6.1-1_4n	PU6	67.02145	65.13496	4
PU_6.7-1_4n	PU6	67.02145	65.13496	4
PU_6.8-1_4n	PU6	67.02145	65.13496	4
PU_6.6-2_4n	PU6	67.02145	65.13496	4
PU_6.4-1_4n	PU6	67.02145	65.13496	4
PU_6.3-2_4n	PU6	67.02145	65.13496	4
PU_6.6-1_4n	PU6	67.02145	65.13496	4
PU_6.3-1_4n	PU6	67.02145	65.13496	4
MW0079582	MW0079582	67.1670242	73.9422798	2
MW0079587_4	MW0079587_6	67.495475	78.706424	2
MW0079587_6	MW0079587_6	67.495475	78.706424	2
MW0374102-2_4n	MW0374102-2_4n	68.1229941	66.1201859	4
TE_3.3-1	TE3	68.72591	77.74032	2
TE_3.9-2	TE3	68.72591	77.74032	2
TE_3.2-1	TE3	68.72591	77.74032	2
TE_3.5-2	TE3	68.72591	77.74032	2
TE_3.5-1	TE3	68.72591	77.74032	2
TE_3.7-1	TE3	68.72591	77.74032	2
TE_3.9-1	TE3	68.72591	77.74032	2
TE_3.1-2	TE3	68.72591	77.74032	2
TE_3.8-1	TE3	68.72591	77.74032	2
TE_3.6-1	TE3	68.72591	77.74032	2
TE_3.3-2	TE3	68.72591	77.74032	2
TE_3.2-2	TE3	68.72591	77.74032	2
TE_3.7-2	TE3	68.72591	77.74032	2
TE_3.1-1	TE3	68.72591	77.74032	2
TE_3.4-2	TE3	68.72591	77.74032	2
TE_3.8-2	TE3	68.72591	77.74032	2
TE_3.6-2	TE3	68.72591	77.74032	2
TE_3.4-1	TE3	68.72591	77.74032	2
NT1_3_1	NT1	68.78978	124.02293	selfer
NT1_2_1	NT1	68.78978	124.02293	selfer
NT1_1_1	NT1	68.78978	124.02293	selfer
TE_4.11-2	TE4	68.79245	77.68399	2
TE_4.7-1	TE4	68.79245	77.68399	2
TE_4.6-2	TE4	68.79245	77.68399	2
TE_4.5-1	TE4	68.79245	77.68399	2
TE_4.2-1	TE4	68.79245	77.68399	2
TE_4.3-1	TE4	68.79245	77.68399	2
TE_4.11-1	TE4	68.79245	77.68399	2
TE_4.5-2	TE4	68.79245	77.68399	2
TE_4.6-1	TE4	68.79245	77.68399	2
TE_4.2-2	TE4	68.79245	77.68399	2
TE_4.8-2	TE4	68.79245	77.68399	2
TE_4.3-2	TE4	68.79245	77.68399	2
TE_4.8-1	TE4	68.79245	77.68399	2
TE_4.4-2	TE4	68.79245	77.68399	2
TE_4.9-2	TE4	68.79245	77.68399	2
TE_4.10-2	TE4	68.79245	77.68399	2
TE_4.9-1	TE4	68.79245	77.68399	2
TE_4.10-1	TE4	68.79245	77.68399	2
TE_4.4-1	TE4	68.79245	77.68399	2
TE_7.2-1	TE7	68.79345	77.78109	2
TE_7.3-2	TE7	68.79345	77.78109	2
TE_7.3-1	TE7	68.79345	77.78109	2
TE_7mix-1	TE7	68.79345	77.78109	2
TE_7.5-2	TE7	68.79345	77.78109	2
TE_7.9-1	TE7	68.79345	77.78109	2
TE_7.1-1	TE7	68.79345	77.78109	2
TE_7.8-1	TE7	68.79345	77.78109	2
TE_7.4-2	TE7	68.79345	77.78109	2
TE_7.5-1	TE7	68.79345	77.78109	2
TE_7.2-2	TE7	68.79345	77.78109	2
TE_7.7-2	TE7	68.79345	77.78109	2
TE_7.4-1	TE7	68.79345	77.78109	2
TE_7.8-2	TE7	68.79345	77.78109	2
TE_7.1-2	TE7	68.79345	77.78109	2
TE_7.6-1	TE7	68.79345	77.78109	2
TE_7.7-1	TE7	68.79345	77.78109	2
TE_7.9-2	TE7	68.79345	77.78109	2
TE_7mix-2	TE7	68.79345	77.78109	2
TE_7.6-2	TE7	68.79345	77.78109	2
TE_6.1-2	TE6	68.79633	77.75588	2
TE_6.2-1	TE6	68.79633	77.75588	2
TE_6.2-2	TE6	68.79633	77.75588	2
TE_6.1-1	TE6	68.79633	77.75588	2
TE_5.5-1	TE5	68.79682	77.68553	2
TE_5.1-2	TE5	68.79682	77.68553	2
TE_5.9-1	TE5	68.79682	77.68553	2
TE_5.10-2	TE5	68.79682	77.68553	2
TE_5.7-2	TE5	68.79682	77.68553	2
TE_5.8-2	TE5	68.79682	77.68553	2
TE_5.6-1	TE5	68.79682	77.68553	2
TE_5.3-2	TE5	68.79682	77.68553	2
TE_5.6-2	TE5	68.79682	77.68553	2
TE_5.10-1	TE5	68.79682	77.68553	2
TE_5.3-1	TE5	68.79682	77.68553	2
TE_5.2-2	TE5	68.79682	77.68553	2
TE_5.7-1	TE5	68.79682	77.68553	2
TE_5.5-2	TE5	68.79682	77.68553	2
TE_5.4-1	TE5	68.79682	77.68553	2
TE_5.8-1	TE5	68.79682	77.68553	2
TE_5.1-1	TE5	68.79682	77.68553	2
TE_5.9-2	TE5	68.79682	77.68553	2
TE_5.2-1	TE5	68.79682	77.68553	2
TE_5.4-2	TE5	68.79682	77.68553	2
SRR2040806	SRR2040806	68.8	160.3	selfer
MW0079584_4n	MW0079584_4n	68.855228	64.758948	4
TE_8.8-1	TE8	68.86441	77.6911	2
TE_8.3-1	TE8	68.86441	77.6911	2
TE_8.6-2	TE8	68.86441	77.6911	2
TE_8.9-2	TE8	68.86441	77.6911	2
TE_8.10-2	TE8	68.86441	77.6911	2
TE_8.5-1	TE8	68.86441	77.6911	2
TE_8.2-1	TE8	68.86441	77.6911	2
TE_8.2-2	TE8	68.86441	77.6911	2
TE_8.7-2	TE8	68.86441	77.6911	2
TE_8.8-2	TE8	68.86441	77.6911	2
TE_8.7-1	TE8	68.86441	77.6911	2
TE_8.6-1	TE8	68.86441	77.6911	2
TE_8.4-1	TE8	68.86441	77.6911	2
TE_8mix-2	TE8	68.86441	77.6911	2
TE_8.9-1	TE8	68.86441	77.6911	2
TE_8.3-2	TE8	68.86441	77.6911	2
TE_8mix-1	TE8	68.86441	77.6911	2
TE_8.5-2	TE8	68.86441	77.6911	2
TE_8.1-2	TE8	68.86441	77.6911	2
TE_8.10-1	TE8	68.86441	77.6911	2
TE_8.4-2	TE8	68.86441	77.6911	2
TE_8.1-1	TE8	68.86441	77.6911	2
TE_10.3-1	TE10	68.91428	77.66211	2
TE_10.4-2	TE10	68.91428	77.66211	2
TE_10.3-2	TE10	68.91428	77.66211	2
TE_10.8-1	TE10	68.91428	77.66211	2
TE_10.7-1	TE10	68.91428	77.66211	2
TE_10.5-1	TE10	68.91428	77.66211	2
TE_10.6-1	TE10	68.91428	77.66211	2
TE_10.6-2	TE10	68.91428	77.66211	2
TE_10.9-1	TE10	68.91428	77.66211	2
TE_10.8-2	TE10	68.91428	77.66211	2
TE_10.1-1	TE10	68.91428	77.66211	2
TE_10.2-2	TE10	68.91428	77.66211	2
TE_10.2-1	TE10	68.91428	77.66211	2
TE_10.9-2	TE10	68.91428	77.66211	2
TE_10.1-2	TE10	68.91428	77.66211	2
TE_10.7-2	TE10	68.91428	77.66211	2
TE_10.4-1	TE10	68.91428	77.66211	2
TE_10.5-2	TE10	68.91428	77.66211	2
TE_9.1-1	TE9	68.91428	77.66211	2
TE_9.1-2	TE9	68.91428	77.66211	2
TE_11.3-1	TE11	68.94298	77.75131	2
TE_11.4-2	TE11	68.94298	77.75131	2
TE_11.3-2	TE11	68.94298	77.75131	2
TE_11.1-1	TE11	68.94298	77.75131	2
TE_11.5-1	TE11	68.94298	77.75131	2
TE_11.4-1	TE11	68.94298	77.75131	2
TE_11.1-2	TE11	68.94298	77.75131	2
TE_11.2-1	TE11	68.94298	77.75131	2
TE_11.2-2	TE11	68.94298	77.75131	2
TE_11.5-2	TE11	68.94298	77.75131	2
TE_11.9-2	TE11	68.94298	77.75131	2
TE_11.7-2	TE11	68.94298	77.75131	2
TE_11.7-1	TE11	68.94298	77.75131	2
TE_11.8-1	TE11	68.94298	77.75131	2
TE_11.10-1	TE11	68.94298	77.75131	2
TE_11.9-1	TE11	68.94298	77.75131	2
TE_11.6-1	TE11	68.94298	77.75131	2
TE_11.10-2	TE11	68.94298	77.75131	2
TE_11.8-2	TE11	68.94298	77.75131	2
TE_11.6-2	TE11	68.94298	77.75131	2
al4_1_4n	al	69.13	94.04	4
al3_1_4n	al	69.13	94.04	4
al1_1_4n	al	69.13	94.04	4
al2_1_4n	al	69.13	94.04	4
MW0079467_1	MW0079467_1	69.474793	166.61	2
MW0079466	MW0079466	69.474793	166.586866	2
MW0079456	MW0079456	69.631288	168.432929	selfer
NT12_1_1	NT12	69.90925	125.1049	2
NT12_2_1	NT12	69.90925	125.1049	2
MW0079608_3	MW0079608_3	70.064679	83.231126	2
MW0079570	MW0079570	70.5459	105.905	selfer
MW0079486_3	MW0079486_3	70.686846	127.354681	2
MW0079537_3	MW0079537	70.820742	129.638221	2
MW0079537	MW0079537	70.820742	129.638221	2
MW0079564_2	MW0079564	70.861044	89.897527	2
MW0079564	MW0079564	70.861044	89.897527	2
SRR2040804	SRR2040804	71.04	127.52	2
NT13_9_1	NT13	71.04445	127.53303	2
NT4.1	NT4	71.06107	127.56112	2
NT4_3_1	NT4	71.06107	127.56112	2
NT4_2_1	NT4	71.06107	127.56112	2
MW0374095_4n	MW0374095_4n	71.1367605	54.0211487	4
MW0374101_4n	MW0374101_4n	71.1367605	54.0211487	4
MW0157478_2_4n	MW0157478_4n	71.25438	105.5609	4
MW0157478_4n	MW0157478_4n	71.25438	105.5609	4
MW0079577_2_4n	MW0079577_2_4n	71.2573333	103.335425	4
MW0079546_4n	MW0079546	71.3093764	124.1757202	4
MW0079546_2_4n	MW0079546	71.3093764	124.1757202	4
NT17.1-5	NT17	71.31612	129.44675	2
NT17.1-1	NT17	71.31612	129.44675	2
NT17.1-4	NT17	71.31612	129.44675	2
NT17.4-2	NT17	71.31612	129.44675	2
NT17.4-4	NT17	71.31612	129.44675	2
NT17.4-3	NT17	71.31612	129.44675	2
NT17.4-1	NT17	71.31612	129.44675	2
NT17.1-2	NT17	71.31612	129.44675	2
NT17.5-1	NT17	71.31612	129.44675	2
MW0158708_4n	MW0158708_4n	71.32261	-179.9066	4
MW0079561_8	MW0079561_8	71.431966	89.220123	2
MW0079561_9	MW0079561_8	71.431966	89.220123	2
MW0079559	MW0079559	71.445855	89.213257	2
MW0079560	MW0079560	71.445855	89.213257	2
NT18-4	NT18	71.50507	129.28337	2
NT18-2	NT18	71.50507	129.28337	2
NT18-1	NT18	71.50507	129.28337	2
NT18-3	NT18	71.50507	129.28337	2
NT18-6	NT18	71.50507	129.28337	2
NT15_5_1	NT15	71.56023	128.76028	2
NT15_2_1	NT15	71.56023	128.76028	2
NT15_3_1	NT15	71.56023	128.76028	2
NT15_4_1	NT15	71.56023	128.76028	2
NT15_1_1	NT15	71.56023	128.76028	2
NT14_3_1	NT14	71.59676	129.16077	2
NT14_5_1	NT14	71.59676	129.16077	2
NT14_1_1	NT14	71.59676	129.16077	2
NT14_6_1	NT14	71.59676	129.16077	2
NT14_7_1	NT14	71.59676	129.16077	2
NT14_10_1	NT14	71.59676	129.16077	2
NT14_11_1	NT14	71.59676	129.16077	2
NT14_4_1	NT14	71.59676	129.16077	2
NT14_8_1	NT14	71.59676	129.16077	2
NT9_5_1	NT9	71.62518	128.86804	2
NT9_3_1	NT9	71.62518	128.86804	2
NT9_1_1	NT9	71.62518	128.86804	2
NT9_4_1	NT9	71.62518	128.86804	2
NT9_2_1	NT9	71.62518	128.86804	2
MW0079568-4_1_4n	MW0079568-4_1_4n	71.64702	108.2709	4
MW0079568-3_1_4n	MW0079568-3_1_4n	71.6524	108.317	4
MW0079569-2_1_4n	MW0079569-2_1_4n	71.66347	108.2369	4
MW0079568-1_1_4n	MW0079568-1_1_4n	71.67179	108.2023	4
NT10_1_1	NT10	71.80696	127.46523	2
NT10_3_1	NT10	71.80696	127.46523	2
NT10_2_1	NT10	71.80696	127.46523	2
MW0157476_2	MW0157476_2	71.88334	103.8291	2
NT5_2_1	NT5	71.9924	127.01465	2
NT5_3_1	NT5	71.9924	127.01465	2
NT5_1_1	NT5	71.9924	127.01465	2
NT2_4_1	NT2	71.99619	129.12575	2
NT2_3_1	NT2	71.99619	129.12575	2
NT2_1_1	NT2	71.99619	129.12575	2
NT2_5_1	NT2	71.99619	129.12575	2
NT2_2_1	NT2	71.99619	129.12575	2
MW0079538	MW0079538	72.0034007	129.1133881	2
MW0374084_2_4n	MW0374084_4n	72.2719304	52.4677849	4
MW0374084_4n	MW0374084_4n	72.2719304	52.4677849	4
MW0158707	MW0158707	72.30339	103.1866	2
MW0079591	MW0079591	72.348909	72.087915	2
NT19.1-6	NT19	72.35875	127.65138	2
NT19.1-4	NT19	72.35875	127.65138	2
NT19.1-5	NT19	72.35875	127.65138	2
NT19.1-3	NT19	72.35875	127.65138	2
NT19.1-1	NT19	72.35875	127.65138	2
NT19.3-3	NT19	72.35875	127.65138	2
NT19.2-2	NT19	72.35875	127.65138	2
NT19.3-1	NT19	72.35875	127.65138	2
NT19.1-2	NT19	72.35875	127.65138	2
NT19.2-1	NT19	72.35875	127.65138	2
NT19.3-2	NT19	72.35875	127.65138	2
MW0158706	MW0158706	72.38404	103.9105	2
MW0079494_2	MW0079494_2	72.3956019	126.6601753	2
MW0079544_4n	MW0079544_4n	72.4044258	126.8563843	4
IRKU049804	IRKU049804	72.5	105.17	2
IRKU049802	IRKU049804	72.5	105.17	unsure
MW0079545	MW0079545	72.5472921	127.2223663	2
MW0079500	MW0079500	72.9040995	78.9319611	2
MW0079500_2	MW0079500	72.9040995	78.9319611	2
NT16.5-4	NT16	72.91466	126.32345	2
NT16.3-7	NT16	72.91466	126.32345	2
NT16.4-1	NT16	72.91466	126.32345	2
NT16.1-5	NT16	72.91466	126.32345	2
NT16.5-1	NT16	72.91466	126.32345	2
NT16.2-2	NT16	72.91466	126.32345	2
NT16.1-2	NT16	72.91466	126.32345	2
NT16.4-3	NT16	72.91466	126.32345	2
NT16.5-2	NT16	72.91466	126.32345	2
NT16.4-2	NT16	72.91466	126.32345	2
NT16.5-3	NT16	72.91466	126.32345	2
NT16.3-1	NT16	72.91466	126.32345	2
NT16.4-4	NT16	72.91466	126.32345	2
NT16.1-1	NT16	72.91466	126.32345	2
NT16.3-6	NT16	72.91466	126.32345	2
NT16.3-5	NT16	72.91466	126.32345	2
NT16.1-4	NT16	72.91466	126.32345	2
NT16.2-1	NT16	72.91466	126.32345	2
MW0079553_5	MW0079553	72.96641	78.933523	2
MW0079497_4	MW0079553	72.96641	78.933523	2
MW0079553_7	MW0079553	72.96641	78.933523	2
MW0079497	MW0079553	72.96641	78.933523	2
MW0079553	MW0079553	72.96641	78.933523	2
MW0079609_4_4n	MW0079609	73.25255	90.598596	4
MW0079609_4n	MW0079609	73.25255	90.598596	4
MW0079609_3_4n	MW0079609	73.25255	90.598596	4
NT20.3-1	NT20	73.37268	126.45977	2
NT20.6-3	NT20	73.37268	126.45977	2
NT20.3-3	NT20	73.37268	126.45977	2
NT20.4-1	NT20	73.37268	126.45977	2
NT20.1-1	NT20	73.37268	126.45977	2
NT20.4-2	NT20	73.37268	126.45977	2
NT20.6-2	NT20	73.37268	126.45977	2
NT20.4-3	NT20	73.37268	126.45977	2
NT20.3-2	NT20	73.37268	126.45977	2
MW0079578-1_4n	MW0079578-1_4n	73.394991	80.694923	4
MW0079572-1_4n	MW0079572-1_4n	74.09224	97.49822	4
MW0079573_4n	MW0079573	74.16692	97.5606	4
MW0079573_5_4n	MW0079573	74.16692	97.5606	4
MW0079573_4_4n	MW0079573	74.16692	97.5606	4
MW0079573_1_4n	MW0079573	74.16692	97.5606	4
MW0079573_3_4n	MW0079573	74.16692	97.5606	4
MW0079558_2_4n	MW0079558_2_4n	74.352355	104.723114	4
MW0079572-3_1_4n	MW0079572-3_1_4n	74.43984	98.86396	4
MW0079552_2_4n	MW0079552	74.44204	98.81792	4
MW0079552_3_4n	MW0079552	74.44204	98.81792	4
MW0079552_4n	MW0079552	74.44204	98.81792	4
MW0079552_7_4n	MW0079552	74.44204	98.81792	4
MW0079552_8_4n	MW0079552	74.44204	98.81792	4
MW0079507_4n	MW0079507_4n	74.44556	99.6814	4
MW0079572-2_4n	MW0079572-2_4n	74.45192	98.88936	4
MW0079575_4n	MW0079575_4n	74.5005	99.691	4
MW0079610_4n	MW0079610_4n	74.54343	98.56321	4
MW0079605	MW0079605	74.82053	106.3225	selfer
MW0079606_4n	MW0079606_4n	74.86008	106.5688	4
MW0079604_5	MW0079604	74.8628	106.5649	2
MW0079604	MW0079604	74.8628	106.5649	2
MW0079579	MW0079579	75.27706	112.4588	2
MW0079581	MW0079581	75.30149	112.4086	2
IRKU049803_4n	IRKU049803_4n	75.375	105.366666	4
